{
	"categories":{
	
		"@music":{
			"volume":0.20
		},
    "@FX": {
      "volume": 0.2
    },
		"@FX2":{
			"volume":1.0
		},

    "@Voices": {
      "volume": 1.0
    },

		"@HeartBeat":{
			"volume":0.3
		}  
	},

  "sources": [

    { "path": "sounds/honk.ogg" , "categories" :  "FX"},
    { "path": "sounds/game_music1.ogg" , "categories" :  "music"},
	{ "path": "sounds/game_music2.ogg" , "categories" :  "music"},
	{ "path": "sounds/game_music3.ogg" , "categories" :  "music"},
    { "path": "sounds/pause_music.ogg" , "categories" :  "music"},
    { "path": "sounds/menu_music.ogg" , "categories" :  "music"},
    { "path": "sounds/gameover.ogg" , "categories" :  "Voices"},
    { "path": "sounds/start.ogg" , "categories" :  "FX"},
    { "path": "sounds/start1.ogg" , "categories" :  "FX"},
	{ "path": "sounds/start2.ogg" , "categories" :  "FX"},
	{ "path": "sounds/Explosion.ogg" , "categories" :  "FX"},	
	{ "path": "sounds/Bip.ogg" , "categories" :  "FX" , "volume":0.3},		
    { "path": "sounds/next_levelx.ogg" , "categories" :  "FX"},     
    { "path": "sounds/heartbeat.ogg" , "categories" :  "HeartBeat"}
  ]
}